<?xml version="1.0"?>

<config xmlns:xsi="http://www.w3.org/2001/XMLSchema-instance" xsi:noNamespaceSchemaLocation="urn:magento:framework:Event/etc/events.xsd">
    <event name="sales_quote_collect_totals_before">
        <observer name="mw_rewardpoints_sales_quote_collect_totals_before" instance="MW\RewardPoints\Observer\CollectTotalBefore" />
    </event>
    <event name="sales_quote_collect_totals_after">
        <observer name="mw_rewardpoints_sales_quote_collect_totals_after" instance="MW\RewardPoints\Observer\CollectTotalAfter" />
    </event>
    <event name="checkout_submit_all_after">
        <observer name="mw_rewardpoints_sales_order_place_after" instance="MW\RewardPoints\Observer\PlaceAfter" />
    </event>
    <event name="paypal_express_place_order_success">
        <observer name="mw_rewardpoints_paypal_express_place_order_success" instance="MW\RewardPoints\Observer\PlaceAfter" />
    </event>
    <event name="sales_order_save_after">
        <observer name="mw_rewardpoints_sales_order_save_after" instance="MW\RewardPoints\Observer\OrderSaveAfter" />
    </event>
    <event name="payment_cart_collect_items_and_amounts">
        <observer name="mw_rewardpoints_payment_cart_collect_items_and_amounts" instance="MW\RewardPoints\Observer\CollectCustomItems" />
    </event>
    <event name="customer_register_success">
        <observer name="mw_rewardpoints_customer_register_success" instance="MW\RewardPoints\Observer\CustomerSaveAfterRegister" />
    </event>
    <event name="review_save_after">
        <observer name="mw_rewardpoints_review_save_after" instance="MW\RewardPoints\Observer\ReviewSaveAfter" />
    </event>
    <event name="newsletter_subscriber_save_before">
        <observer name="mw_rewardpoints_newsletter_subscriber_save_before" instance="MW\RewardPoints\Observer\NewsletterSubscriberSaveBefore" />
    </event>

<!--    <event name="controller_action_predispatch">-->
<!--        <observer name="mw_rewardpoints_controller_action_predispatch" instance="MW\RewardPoints\Observer\ReferralLinkClick" shared="false" />-->
<!--    </event>-->

    <event name="controller_front_send_response_before">
        <observer name="mw_rewardpoints_controller_action_predispatch" instance="MW\RewardPoints\Observer\ReferralLinkClick" shared="false" />
    </event>

    <event name="customer_customer_authenticated">
        <observer name="mw_rewardpoints_customer_customer_authenticated" instance="MW\RewardPoints\Observer\CustomerLogin" />
    </event>
    <event name="checkout_cart_product_add_after">
        <observer name="mw_rewardpoints_checkout_cart_product_add_after" instance="MW\RewardPoints\Observer\CheckoutCartProductAddAfter" />
    </event>
    <event name="checkout_cart_update_item_complete">
        <observer name="mw_rewardpoints_checkout_cart_update_item_complete" instance="MW\RewardPoints\Observer\CheckoutCartProductUpdateComplete" />
    </event>
    <event name="controller_action_postdispatch_checkout_cart_updatePost">
        <observer name="mw_rewardpoints_controller_action_postdispatch_checkout_cart_updatePost" instance="MW\RewardPoints\Observer\AfterUpdateCheckoutCart" />
    </event>
    <event name="sales_quote_remove_item">
        <observer name="mw_rewardpoints_sales_quote_remove_item" instance="MW\RewardPoints\Observer\AfterRemoveProductInQuote" />
    </event>
    <event name="sales_model_service_quote_submit_before">
        <observer name="mw_rewardpoints_sales_model_service_quote_submit_before" instance="MW\RewardPoints\Observer\SalesEventQuoteSubmitBefore" />
    </event>
</config>
