<?xml version="1.0"?>

<config xmlns:xsi="http://www.w3.org/2001/XMLSchema-instance" xsi:noNamespaceSchemaLocation="urn:magento:framework:DataObject/etc/fieldset.xsd">
    <scope id="global">
    	<fieldset id="quote_convert_address">
            <field name="mw_rewardpoint">
                <aspect name="to_order" />
            </field>
            <field name="mw_rewardpoint_discount">
                <aspect name="to_order" />
            </field>
            <field name="mw_rewardpoint_discount_show">
                <aspect name="to_order" />
            </field>
        </fieldset>
    </scope>
</config>
