<?xml version="1.0"?>

<config xmlns:xsi="http://www.w3.org/2001/XMLSchema-instance" xsi:noNamespaceSchemaLocation="urn:magento:module:Magento_Sales:etc/pdf_file.xsd">
    <totals>
        <total name="rewardpoints_discount">
            <title>Reward Points Discount</title>
            <source_field>rewardpoints_discount</source_field>
            <amount_prefix>-</amount_prefix>
            <font_size>7</font_size>
            <display_zero>0</display_zero>
            <sort_order>201</sort_order>
            <model>MW\RewardPoints\Model\Order\Pdf\Total\Rewardpoints</model>
        </total>
    </totals>
</config>
