<?xml version="1.0"?>

<config xmlns:xsi="http://www.w3.org/2001/XMLSchema-instance" xsi:noNamespaceSchemaLocation="urn:magento:module:Magento_Sales:etc/sales.xsd">
    <section name="quote">
        <group name="totals">
            <item name="reward_points" instance="MW\RewardPoints\Model\Quote\Address\Total\Rewardpoints" sort_order="600"/>
        </group>
    </section>
	<section name="order_invoice">
        <group name="totals">
			<item name="reward_points" instance="MW\RewardPoints\Model\Order\Invoice\Total\Rewardpoints" sort_order="600"/>
        </group>
    </section>
    <section name="order_creditmemo">
        <group name="totals">
			<item name="reward_points" instance="MW\RewardPoints\Model\Order\Creditmemo\Total\Rewardpoints" sort_order="600"/>
        </group>
    </section>
</config>
