<?xml version="1.0"?>

<config xmlns:xsi="http://www.w3.org/2001/XMLSchema-instance" xsi:noNamespaceSchemaLocation="urn:magento:framework:Acl/etc/acl.xsd">
    <acl>
        <resources>
            <resource id="Magento_Backend::admin">
                <resource id="MW_Affiliate::affiliate" title="Affiliate Pro" sortOrder="35">
                    <resource id="MW_Affiliate::withdrawn" title="Manage Withdrawals" sortOrder="1">
                        <resource id="MW_Affiliate::pending_withdrawn" title="Pending Withdrawals" sortOrder="1" />
                        <resource id="MW_Affiliate::all_withdrawn" title="All Withdrawals" sortOrder="2" />
                    </resource>

                    <resource id="MW_Affiliate::transaction" title="View All Transactions" sortOrder="2">
                        <resource id="MW_Affiliate::transaction_affiliate" title="Commission History" sortOrder="1" />
                        <resource id="MW_Affiliate::transaction_credit" title="Transaction History" sortOrder="2" />
                    </resource>

                    <!--<resource id="MW_Affiliate::member" title="Manage Affiliates" sortOrder="3">-->
                        <!--<resource id="MW_Affiliate::active" title="Active Affiliates" sortOrder="1" />-->
                        <!--<resource id="MW_Affiliate::pending" title="Pending Affiliates" sortOrder="2" />-->
                        <!--<resource id="MW_Affiliate::parent" title="All Customers" sortOrder="3" />-->
                    <!--</resource>-->

                    <resource id="MW_Affiliate::member" title="Manage Programs" sortOrder="3">
                        <resource id="MW_Affiliate::program" title="Manage Programs" sortOrder="6" />
                        <resource id="MW_Affiliate::banner" title="Manage Banners" sortOrder="7" />
                    </resource>

                    <resource id="MW_Affiliate::all" title="Manage Affiliates" sortOrder="4">
                        <resource id="MW_Affiliate::active" title="Active Affiliates" sortOrder="1" />
                        <resource id="MW_Affiliate::pending" title="Pending Affiliates" sortOrder="2" />
                        <resource id="MW_Affiliate::group" title="Manage Affiliate Groups" sortOrder="3" />
                        <resource id="MW_Affiliate::website" title="Manage Affiliate Websites" sortOrder="5" />
                        <resource id="MW_Affiliate::parent" title="All Customers" sortOrder="8" />
                    </resource>

                    <resource id="MW_Affiliate::report" title="Affiliate Report" sortOrder="5">
                        <resource id="MW_Affiliate::overview" title="Overview" sortOrder="1" />
                        <resource id="MW_Affiliate::referral" title="Affiliate Invitation" sortOrder="2" />
                        <resource id="MW_Affiliate::report_sales" title="Affiliate Sales" sortOrder="3" />
                        <resource id="MW_Affiliate::referralsite" title="Affiliate Website(s)" sortOrder="4" />
                    </resource>

                    <resource id="MW_Affiliate::settings" title="Settings" sortOrder="6">
                        <resource id="MW_Affiliate::configuration" title="Configuration" sortOrder="4" />
                    </resource>
                </resource>

                <resource id="Magento_Backend::stores">
                    <resource id="Magento_Backend::stores_settings">
                        <resource id="Magento_Config::config">
                            <resource id="Mw_Affiliate::system_config" title="Affiliate Configuration" />
                        </resource>
                    </resource>
                </resource>
            </resource>
        </resources>
    </acl>
</config>
